"module_name","is_active","message","status","id","created_date","updated_date","created_by_id","created_by","is_sample"
"contact","false","Site en maintenance","maintenance","6a02204a918a59569160d33f","2026-05-11T18:30:34.205000","2026-05-11T18:30:34.205000","69da89701232f7f14637cd33","sentenacborys0@gmail.com","false"
"partenaires","false","Site en maintenance","maintenance","6a02204aab3863439069daca","2026-05-11T18:30:34.161000","2026-05-11T18:30:34.161000","69da89701232f7f14637cd33","sentenacborys0@gmail.com","false"
"avant_apres","false","Site en maintenance","maintenance","6a02204a718c382ea0e71f95","2026-05-11T18:30:34.139000","2026-05-11T18:30:34.139000","69da89701232f7f14637cd33","sentenacborys0@gmail.com","false"
"espace_client","false","Site en maintenance","maintenance","6a02204a9dca6d7a8f94f8c2","2026-05-11T18:30:34.139000","2026-05-11T18:30:34.139000","69da89701232f7f14637cd33","sentenacborys0@gmail.com","false"
"discover","false","Site en maintenance","maintenance","6a02204a1e508a61ba8470e1","2026-05-11T18:30:34.128000","2026-05-11T18:30:34.128000","69da89701232f7f14637cd33","sentenacborys0@gmail.com","false"
"services","false","Site en maintenance","maintenance","6a02204a2a09f343763b3115","2026-05-11T18:30:34.125000","2026-05-11T18:30:34.125000","69da89701232f7f14637cd33","sentenacborys0@gmail.com","false"
"parrainage","false","Site en maintenance","maintenance","6a02204a74881f5bc953fbcc","2026-05-11T18:30:34.121000","2026-05-11T18:30:34.121000","69da89701232f7f14637cd33","sentenacborys0@gmail.com","false"
"blog","false","Site en maintenance","maintenance","6a02204a0fb6697763f98607","2026-05-11T18:30:34.114000","2026-05-11T18:30:34.114000","69da89701232f7f14637cd33","sentenacborys0@gmail.com","false"
"homepage","false","Site en maintenance","maintenance","6a02204a9d9e3fd91c26071b","2026-05-11T18:30:34.110000","2026-05-11T18:30:34.110000","69da89701232f7f14637cd33","sentenacborys0@gmail.com","false"
"donation","false","Site en maintenance","maintenance","6a02204a233153617be3f147","2026-05-11T18:30:34.106000","2026-05-11T18:30:34.106000","69da89701232f7f14637cd33","sentenacborys0@gmail.com","false"
"quote","false","Site en maintenance","maintenance","6a02204a85a45c258e04ab54","2026-05-11T18:30:34.105000","2026-05-11T18:30:34.105000","69da89701232f7f14637cd33","sentenacborys0@gmail.com","false"
"planning","false","Site en maintenance","maintenance","6a02204ac0030e946c7a7f58","2026-05-11T18:30:34.104000","2026-05-11T18:30:34.104000","69da89701232f7f14637cd33","sentenacborys0@gmail.com","false"
"portfolio","false","Site en maintenance","maintenance","6a02204accd8ae37cb63b2c0","2026-05-11T18:30:34.102000","2026-05-11T18:30:34.102000","69da89701232f7f14637cd33","sentenacborys0@gmail.com","false"
"messagerie","false","Site en maintenance","maintenance","6a02204aa1a7d4cd882b2a28","2026-05-11T18:30:34.096000","2026-05-11T18:30:34.096000","69da89701232f7f14637cd33","sentenacborys0@gmail.com","false"
"certification","false","Site en maintenance","maintenance","6a02204a02957ca77499cfca","2026-05-11T18:30:34.095000","2026-05-11T18:30:34.095000","69da89701232f7f14637cd33","sentenacborys0@gmail.com","false"
"services","false","Site en maintenance","maintenance","6a022049f541a1781fd98b2d","2026-05-11T18:30:33.601000","2026-05-11T18:30:33.601000","69da89701232f7f14637cd33","sentenacborys0@gmail.com","false"
"avant_apres","false","Site en maintenance","maintenance","6a0220499ec01a3e60c2926e","2026-05-11T18:30:33.576000","2026-05-11T18:30:33.576000","69da89701232f7f14637cd33","sentenacborys0@gmail.com","false"
"parrainage","false","Site en maintenance","maintenance","6a022049a6c1fca92b03541b","2026-05-11T18:30:33.574000","2026-05-11T18:30:33.574000","69da89701232f7f14637cd33","sentenacborys0@gmail.com","false"
"discover","false","Site en maintenance","maintenance","6a0220491cba545e891ee73b","2026-05-11T18:30:33.574000","2026-05-11T18:30:33.574000","69da89701232f7f14637cd33","sentenacborys0@gmail.com","false"
"espace_client","false","Site en maintenance","maintenance","6a022049f930993b3ab5eb7e","2026-05-11T18:30:33.478000","2026-05-11T18:30:33.478000","69da89701232f7f14637cd33","sentenacborys0@gmail.com","false"
"planning","false","Site en maintenance","maintenance","6a02204920657a4fe2ca5ea0","2026-05-11T18:30:33.287000","2026-05-11T18:30:33.287000","69da89701232f7f14637cd33","sentenacborys0@gmail.com","false"
"donation","false","Site en maintenance","maintenance","6a0220498df98e4740cc466f","2026-05-11T18:30:33.247000","2026-05-11T18:30:33.248000","69da89701232f7f14637cd33","sentenacborys0@gmail.com","false"
"partenaires","false","Site en maintenance","maintenance","6a0220495b180e3a8d77dd12","2026-05-11T18:30:33.221000","2026-05-11T18:30:33.221000","69da89701232f7f14637cd33","sentenacborys0@gmail.com","false"
"contact","false","Site en maintenance","maintenance","6a022049c948f72bdc899710","2026-05-11T18:30:33.200000","2026-05-11T18:30:33.200000","69da89701232f7f14637cd33","sentenacborys0@gmail.com","false"
"quote","false","Site en maintenance","maintenance","6a0220490ed0447e2569f577","2026-05-11T18:30:33.144000","2026-05-11T18:30:33.144000","69da89701232f7f14637cd33","sentenacborys0@gmail.com","false"
"portfolio","false","Site en maintenance","maintenance","6a02204969c31777d9c37121","2026-05-11T18:30:33.094000","2026-05-11T18:30:33.094000","69da89701232f7f14637cd33","sentenacborys0@gmail.com","false"
"messagerie","false","Site en maintenance","maintenance","6a02204928dd811d5ad8c78e","2026-05-11T18:30:33.089000","2026-05-11T18:30:33.089000","69da89701232f7f14637cd33","sentenacborys0@gmail.com","false"
"blog","false","Site en maintenance","maintenance","6a0220494e938d1c268fb773","2026-05-11T18:30:33.082000","2026-05-11T18:30:33.082000","69da89701232f7f14637cd33","sentenacborys0@gmail.com","false"
"certification","false","Site en maintenance","maintenance","6a022049d21dbff68c4a6e18","2026-05-11T18:30:33.078000","2026-05-11T18:30:33.078000","69da89701232f7f14637cd33","sentenacborys0@gmail.com","false"
"homepage","false","Site en maintenance","maintenance","6a0220492e9b8f3feb393227","2026-05-11T18:30:33.078000","2026-05-11T18:30:33.078000","69da89701232f7f14637cd33","sentenacborys0@gmail.com","false"
"blog","false","XDD","maintenance","6a021715f5cf185e453f3bbe","2026-05-11T17:51:17.940000","2026-05-11T17:51:17.940000","6a00b766bc1d81e509c61685","thecommitteescp@gmail.com","false"
"quote","false","XDD","maintenance","6a0217158ca7a613576c6da6","2026-05-11T17:51:17.801000","2026-05-11T17:51:17.801000","6a00b766bc1d81e509c61685","thecommitteescp@gmail.com","false"
"espace_client","false","XDD","maintenance","6a0217153d8a2096093225e0","2026-05-11T17:51:17.796000","2026-05-11T17:51:17.796000","6a00b766bc1d81e509c61685","thecommitteescp@gmail.com","false"
"portfolio","false","XDD","maintenance","6a02171518407a15829c5adf","2026-05-11T17:51:17.690000","2026-05-11T17:51:17.690000","6a00b766bc1d81e509c61685","thecommitteescp@gmail.com","false"
"partenaires","false","XDD","maintenance","6a021715eded7e84585badad","2026-05-11T17:51:17.649000","2026-05-11T17:51:17.649000","6a00b766bc1d81e509c61685","thecommitteescp@gmail.com","false"
"planning","false","XDD","maintenance","6a0217153db9fbb6d50763ed","2026-05-11T17:51:17.648000","2026-05-11T17:51:17.648000","6a00b766bc1d81e509c61685","thecommitteescp@gmail.com","false"
"discover","false","XDD","maintenance","6a0217150ce0fce4972ce20e","2026-05-11T17:51:17.647000","2026-05-11T17:51:17.647000","6a00b766bc1d81e509c61685","thecommitteescp@gmail.com","false"
"messagerie","false","XDD","maintenance","6a0217159e9fe46a457f9538","2026-05-11T17:51:17.596000","2026-05-11T17:51:17.596000","6a00b766bc1d81e509c61685","thecommitteescp@gmail.com","false"
"services","false","XDD","maintenance","6a02171577136cd885b71d45","2026-05-11T17:51:17.582000","2026-05-11T17:51:17.582000","6a00b766bc1d81e509c61685","thecommitteescp@gmail.com","false"
"contact","false","XDD","maintenance","6a02171593f42f7698a03d44","2026-05-11T17:51:17.576000","2026-05-11T17:51:17.576000","6a00b766bc1d81e509c61685","thecommitteescp@gmail.com","false"
"avant_apres","false","XDD","maintenance","6a0217158b4858ab5c9a470c","2026-05-11T17:51:17.568000","2026-05-11T17:51:17.568000","6a00b766bc1d81e509c61685","thecommitteescp@gmail.com","false"
"donation","false","XDD","maintenance","6a02171507d08ac3c178fdab","2026-05-11T17:51:17.566000","2026-05-11T17:51:17.566000","6a00b766bc1d81e509c61685","thecommitteescp@gmail.com","false"
"parrainage","false","XDD","maintenance","6a02171568975b2eff85aee4","2026-05-11T17:51:17.559000","2026-05-11T17:51:17.559000","6a00b766bc1d81e509c61685","thecommitteescp@gmail.com","false"
"certification","false","XDD","maintenance","6a0217155c546cd5a5e816ad","2026-05-11T17:51:17.554000","2026-05-11T17:51:17.554000","6a00b766bc1d81e509c61685","thecommitteescp@gmail.com","false"
"homepage","false","XDD","maintenance","6a021715930f76f8045c9d5c","2026-05-11T17:51:17.553000","2026-05-11T17:51:17.553000","6a00b766bc1d81e509c61685","thecommitteescp@gmail.com","false"
"blog","false","Site en maintenance","maintenance","6a0216cf97beb31ad9056456","2026-05-11T17:50:07.491000","2026-05-11T17:50:07.491000","6a00b766bc1d81e509c61685","thecommitteescp@gmail.com","false"
"contact","false","Site en maintenance","maintenance","6a0216cf3e8f9f517ebe4404","2026-05-11T17:50:07.463000","2026-05-11T17:50:07.463000","6a00b766bc1d81e509c61685","thecommitteescp@gmail.com","false"
"portfolio","false","Site en maintenance","maintenance","6a0216cff6367421d9fbe297","2026-05-11T17:50:07.367000","2026-05-11T17:50:07.367000","6a00b766bc1d81e509c61685","thecommitteescp@gmail.com","false"
"quote","false","Site en maintenance","maintenance","6a0216cf36d505399b4e05a7","2026-05-11T17:50:07.043000","2026-05-11T17:50:07.043000","6a00b766bc1d81e509c61685","thecommitteescp@gmail.com","false"
"partenaires","false","Site en maintenance","maintenance","6a0216cef54f2b112dce7f59","2026-05-11T17:50:06.980000","2026-05-11T17:50:06.980000","6a00b766bc1d81e509c61685","thecommitteescp@gmail.com","false"
"donation","false","Site en maintenance","maintenance","6a0216ce8bd02994edc7679a","2026-05-11T17:50:06.950000","2026-05-11T17:50:06.950000","6a00b766bc1d81e509c61685","thecommitteescp@gmail.com","false"
"planning","false","Site en maintenance","maintenance","6a0216ce0505a2eb02c0e731","2026-05-11T17:50:06.942000","2026-05-11T17:50:06.942000","6a00b766bc1d81e509c61685","thecommitteescp@gmail.com","false"
"certification","false","Site en maintenance","maintenance","6a0216ce12c30f1e50ce508e","2026-05-11T17:50:06.933000","2026-05-11T17:50:06.933000","6a00b766bc1d81e509c61685","thecommitteescp@gmail.com","false"
"discover","false","Site en maintenance","maintenance","6a0216ce0e346438b2752985","2026-05-11T17:50:06.919000","2026-05-11T17:50:06.919000","6a00b766bc1d81e509c61685","thecommitteescp@gmail.com","false"
"avant_apres","false","Site en maintenance","maintenance","6a0216ceaa92ce7ecd844a9a","2026-05-11T17:50:06.892000","2026-05-11T17:50:06.892000","6a00b766bc1d81e509c61685","thecommitteescp@gmail.com","false"
"espace_client","false","Site en maintenance","maintenance","6a0216ce50f3178488adc5fe","2026-05-11T17:50:06.876000","2026-05-11T17:50:06.876000","6a00b766bc1d81e509c61685","thecommitteescp@gmail.com","false"
"services","false","Site en maintenance","maintenance","6a0216ce031a978bbedf991d","2026-05-11T17:50:06.828000","2026-05-11T17:50:06.828000","6a00b766bc1d81e509c61685","thecommitteescp@gmail.com","false"
"parrainage","false","Site en maintenance","maintenance","6a0216cec5b0cdab9304339f","2026-05-11T17:50:06.820000","2026-05-11T17:50:06.820000","6a00b766bc1d81e509c61685","thecommitteescp@gmail.com","false"
"messagerie","false","Site en maintenance","maintenance","6a0216ce447605817004fedb","2026-05-11T17:50:06.805000","2026-05-11T17:50:06.805000","6a00b766bc1d81e509c61685","thecommitteescp@gmail.com","false"
"homepage","false","Site en maintenance","maintenance","6a0216ce04e7b9eeb950cbbc","2026-05-11T17:50:06.793000","2026-05-11T17:50:06.793000","6a00b766bc1d81e509c61685","thecommitteescp@gmail.com","false"
"homepage","false","Site en maintenance","maintenance","6a0216cd4b18b8b105b9b5bf","2026-05-11T17:50:05.385000","2026-05-11T17:50:05.385000","6a00b766bc1d81e509c61685","thecommitteescp@gmail.com","false"
"avant_apres","false","Site en maintenance","maintenance","6a0216cd49ef70ab3e86a164","2026-05-11T17:50:05.292000","2026-05-11T17:50:05.292000","6a00b766bc1d81e509c61685","thecommitteescp@gmail.com","false"
"portfolio","false","Site en maintenance","maintenance","6a0216cd43bbb4139118f78f","2026-05-11T17:50:05.256000","2026-05-11T17:50:05.256000","6a00b766bc1d81e509c61685","thecommitteescp@gmail.com","false"
"blog","false","Site en maintenance","maintenance","6a0216cce352fb7518596604","2026-05-11T17:50:04.649000","2026-05-11T17:50:04.649000","6a00b766bc1d81e509c61685","thecommitteescp@gmail.com","false"
"discover","false","Site en maintenance","maintenance","6a0216cc74881f5bc953f5f6","2026-05-11T17:50:04.588000","2026-05-11T17:50:04.589000","6a00b766bc1d81e509c61685","thecommitteescp@gmail.com","false"
"messagerie","false","Site en maintenance","maintenance","6a0216cc3add4c85f0175ee2","2026-05-11T17:50:04.575000","2026-05-11T17:50:04.575000","6a00b766bc1d81e509c61685","thecommitteescp@gmail.com","false"
"services","false","Site en maintenance","maintenance","6a0216ccae026764052687a3","2026-05-11T17:50:04.571000","2026-05-11T17:50:04.572000","6a00b766bc1d81e509c61685","thecommitteescp@gmail.com","false"
"donation","false","Site en maintenance","maintenance","6a0216cc6d66ce356b4a617f","2026-05-11T17:50:04.551000","2026-05-11T17:50:04.551000","6a00b766bc1d81e509c61685","thecommitteescp@gmail.com","false"
"planning","false","Site en maintenance","maintenance","6a0216cce8ed15cd3110bb6f","2026-05-11T17:50:04.539000","2026-05-11T17:50:04.539000","6a00b766bc1d81e509c61685","thecommitteescp@gmail.com","false"
"espace_client","false","Site en maintenance","maintenance","6a0216cc671b7827692a57d5","2026-05-11T17:50:04.534000","2026-05-11T17:50:04.534000","6a00b766bc1d81e509c61685","thecommitteescp@gmail.com","false"
"certification","false","Site en maintenance","maintenance","6a0216ccb093cfa8dd170004","2026-05-11T17:50:04.506000","2026-05-11T17:50:04.506000","6a00b766bc1d81e509c61685","thecommitteescp@gmail.com","false"
"partenaires","false","Site en maintenance","maintenance","6a0216cc8b0b243851a6d634","2026-05-11T17:50:04.473000","2026-05-11T17:50:04.473000","6a00b766bc1d81e509c61685","thecommitteescp@gmail.com","false"
"quote","false","Site en maintenance","maintenance","6a0216cc998fd41707c311f1","2026-05-11T17:50:04.456000","2026-05-11T17:50:04.456000","6a00b766bc1d81e509c61685","thecommitteescp@gmail.com","false"
"contact","false","Site en maintenance","maintenance","6a0216cc4bb93b8351ec0da4","2026-05-11T17:50:04.454000","2026-05-11T17:50:04.454000","6a00b766bc1d81e509c61685","thecommitteescp@gmail.com","false"
"parrainage","false","Site en maintenance","maintenance","6a0216cc36a926f4724263a1","2026-05-11T17:50:04.444000","2026-05-11T17:50:04.444000","6a00b766bc1d81e509c61685","thecommitteescp@gmail.com","false"
"partenaires","false","Site en maintenance","maintenance","6a0216b61e0e86e81acd1c82","2026-05-11T17:49:42.065000","2026-05-11T17:49:42.065000","6a00b766bc1d81e509c61685","thecommitteescp@gmail.com","false"
"discover","false","Site en maintenance","maintenance","6a0216b56ca5fb1598b9df30","2026-05-11T17:49:41.720000","2026-05-11T17:49:41.720000","6a00b766bc1d81e509c61685","thecommitteescp@gmail.com","false"
"quote","false","Site en maintenance","maintenance","6a0216b5a6a854a972c44322","2026-05-11T17:49:41.690000","2026-05-11T17:49:41.690000","6a00b766bc1d81e509c61685","thecommitteescp@gmail.com","false"
"services","false","Site en maintenance","maintenance","6a0216b51e231a47ee5e823d","2026-05-11T17:49:41.666000","2026-05-11T17:49:41.666000","6a00b766bc1d81e509c61685","thecommitteescp@gmail.com","false"
"planning","false","Site en maintenance","maintenance","6a0216b53860f8a3b20421b1","2026-05-11T17:49:41.632000","2026-05-11T17:49:41.632000","6a00b766bc1d81e509c61685","thecommitteescp@gmail.com","false"
"espace_client","false","Site en maintenance","maintenance","6a0216b57b7298c8ec177cfc","2026-05-11T17:49:41.624000","2026-05-11T17:49:41.624000","6a00b766bc1d81e509c61685","thecommitteescp@gmail.com","false"
"portfolio","false","Site en maintenance","maintenance","6a0216b52a09f343763b2e89","2026-05-11T17:49:41.570000","2026-05-11T17:49:41.570000","6a00b766bc1d81e509c61685","thecommitteescp@gmail.com","false"
"avant_apres","false","Site en maintenance","maintenance","6a0216b58a979d953ef5010b","2026-05-11T17:49:41.513000","2026-05-11T17:49:41.513000","6a00b766bc1d81e509c61685","thecommitteescp@gmail.com","false"
"parrainage","false","Site en maintenance","maintenance","6a0216b5f78fb63fbbc7ddd8","2026-05-11T17:49:41.413000","2026-05-11T17:49:41.413000","6a00b766bc1d81e509c61685","thecommitteescp@gmail.com","false"
"contact","false","Site en maintenance","maintenance","6a0216b562d835bec927bff1","2026-05-11T17:49:41.409000","2026-05-11T17:49:41.409000","6a00b766bc1d81e509c61685","thecommitteescp@gmail.com","false"
"certification","false","Site en maintenance","maintenance","6a0216b5b093cfa8dd16fffb","2026-05-11T17:49:41.325000","2026-05-11T17:49:41.325000","6a00b766bc1d81e509c61685","thecommitteescp@gmail.com","false"
"donation","false","Site en maintenance","maintenance","6a0216b50653d8b315b5991f","2026-05-11T17:49:41.318000","2026-05-11T17:49:41.318000","6a00b766bc1d81e509c61685","thecommitteescp@gmail.com","false"
"messagerie","false","Site en maintenance","maintenance","6a0216b58b9bfb873537183f","2026-05-11T17:49:41.295000","2026-05-11T17:49:41.295000","6a00b766bc1d81e509c61685","thecommitteescp@gmail.com","false"
"blog","false","Site en maintenance","maintenance","6a0216b57baa689c59f3e48f","2026-05-11T17:49:41.278000","2026-05-11T17:49:41.278000","6a00b766bc1d81e509c61685","thecommitteescp@gmail.com","false"
"homepage","false","Site en maintenance","maintenance","6a0216b50cdac548393a928e","2026-05-11T17:49:41.265000","2026-05-11T17:49:41.265000","6a00b766bc1d81e509c61685","thecommitteescp@gmail.com","false"
"espace_client","false","Site en maintenance","maintenance","6a0215df5877bf9076f91e29","2026-05-11T17:46:07.314000","2026-05-11T17:46:07.314000","6a00b766bc1d81e509c61685","thecommitteescp@gmail.com","false"
"parrainage","false","Site en maintenance","maintenance","6a0215df7ce2a3b5d7e5f9ad","2026-05-11T17:46:07.165000","2026-05-11T17:46:07.165000","6a00b766bc1d81e509c61685","thecommitteescp@gmail.com","false"
"donation","false","Site en maintenance","maintenance","6a0215dfc0b9a117051a6223","2026-05-11T17:46:07.128000","2026-05-11T17:46:07.128000","6a00b766bc1d81e509c61685","thecommitteescp@gmail.com","false"
"homepage","false","Site en maintenance","maintenance","6a0215df16db6c05f619f7ed","2026-05-11T17:46:07.125000","2026-05-11T17:46:07.125000","6a00b766bc1d81e509c61685","thecommitteescp@gmail.com","false"
"partenaires","false","Site en maintenance","maintenance","6a0215df41c5eb68eacfec0d","2026-05-11T17:46:07.123000","2026-05-11T17:46:07.123000","6a00b766bc1d81e509c61685","thecommitteescp@gmail.com","false"
"certification","false","Site en maintenance","maintenance","6a0215df5342699c9f19e946","2026-05-11T17:46:07.122000","2026-05-11T17:46:07.122000","6a00b766bc1d81e509c61685","thecommitteescp@gmail.com","false"
"quote","false","Site en maintenance","maintenance","6a0215dfc901730f3bd35ee1","2026-05-11T17:46:07.117000","2026-05-11T17:46:07.117000","6a00b766bc1d81e509c61685","thecommitteescp@gmail.com","false"
"portfolio","false","Site en maintenance","maintenance","6a0215dfb2ca47451515b0b8","2026-05-11T17:46:07.117000","2026-05-11T17:46:07.117000","6a00b766bc1d81e509c61685","thecommitteescp@gmail.com","false"
"services","false","Site en maintenance","maintenance","6a0215dfba353355e5d7530a","2026-05-11T17:46:07.116000","2026-05-11T17:46:07.116000","6a00b766bc1d81e509c61685","thecommitteescp@gmail.com","false"
"discover","false","Site en maintenance","maintenance","6a0215df772815487af07c11","2026-05-11T17:46:07.105000","2026-05-11T17:46:07.105000","6a00b766bc1d81e509c61685","thecommitteescp@gmail.com","false"
"avant_apres","false","Site en maintenance","maintenance","6a0215df4d4b65b2c8610cbd","2026-05-11T17:46:07.104000","2026-05-11T17:46:07.104000","6a00b766bc1d81e509c61685","thecommitteescp@gmail.com","false"
"blog","false","Site en maintenance","maintenance","6a0215dfba0db10c95649cab","2026-05-11T17:46:07.100000","2026-05-11T17:46:07.100000","6a00b766bc1d81e509c61685","thecommitteescp@gmail.com","false"
"planning","false","Site en maintenance","maintenance","6a0215df4be17b359d4fc64e","2026-05-11T17:46:07.093000","2026-05-11T17:46:07.093000","6a00b766bc1d81e509c61685","thecommitteescp@gmail.com","false"
"messagerie","false","Site en maintenance","maintenance","6a0215df7ce2a3b5d7e5f9ac","2026-05-11T17:46:07.092000","2026-05-11T17:46:07.092000","6a00b766bc1d81e509c61685","thecommitteescp@gmail.com","false"
"contact","false","Site en maintenance","maintenance","6a0215df7e02d78efca3e127","2026-05-11T17:46:07.087000","2026-05-11T17:46:07.087000","6a00b766bc1d81e509c61685","thecommitteescp@gmail.com","false"
"espace_client","false","Site en maintenance","maintenance","6a0215cefdcd0c14f11d4779","2026-05-11T17:45:50.397000","2026-05-11T17:45:50.397000","6a00b766bc1d81e509c61685","thecommitteescp@gmail.com","false"
"services","false","Site en maintenance","maintenance","6a0215cd0e420a396fdd5870","2026-05-11T17:45:49.980000","2026-05-11T17:45:49.980000","6a00b766bc1d81e509c61685","thecommitteescp@gmail.com","false"
"parrainage","false","Site en maintenance","maintenance","6a0215cd3b4a12c6c1d744b3","2026-05-11T17:45:49.975000","2026-05-11T17:45:49.975000","6a00b766bc1d81e509c61685","thecommitteescp@gmail.com","false"
"avant_apres","false","Site en maintenance","maintenance","6a0215cdfd1e00cc514cf78a","2026-05-11T17:45:49.970000","2026-05-11T17:45:49.970000","6a00b766bc1d81e509c61685","thecommitteescp@gmail.com","false"
"blog","false","Site en maintenance","maintenance","6a0215cdfd992ce3ea3d5d93","2026-05-11T17:45:49.966000","2026-05-11T17:45:49.966000","6a00b766bc1d81e509c61685","thecommitteescp@gmail.com","false"
"portfolio","false","Site en maintenance","maintenance","6a0215cd8568fdf4827e4e44","2026-05-11T17:45:49.965000","2026-05-11T17:45:49.965000","6a00b766bc1d81e509c61685","thecommitteescp@gmail.com","false"
"donation","false","Site en maintenance","maintenance","6a0215cd67c33ce42cceae61","2026-05-11T17:45:49.962000","2026-05-11T17:45:49.962000","6a00b766bc1d81e509c61685","thecommitteescp@gmail.com","false"
"partenaires","false","Site en maintenance","maintenance","6a0215cd308426e152351ec3","2026-05-11T17:45:49.962000","2026-05-11T17:45:49.962000","6a00b766bc1d81e509c61685","thecommitteescp@gmail.com","false"
"planning","false","Site en maintenance","maintenance","6a0215cdae60e2bf8446bbea","2026-05-11T17:45:49.961000","2026-05-11T17:45:49.961000","6a00b766bc1d81e509c61685","thecommitteescp@gmail.com","false"
"certification","false","Site en maintenance","maintenance","6a0215cd81d3bd415af419ba","2026-05-11T17:45:49.961000","2026-05-11T17:45:49.961000","6a00b766bc1d81e509c61685","thecommitteescp@gmail.com","false"
"discover","false","Site en maintenance","maintenance","6a0215cda78c1ad9a466269c","2026-05-11T17:45:49.953000","2026-05-11T17:45:49.953000","6a00b766bc1d81e509c61685","thecommitteescp@gmail.com","false"
"homepage","false","Site en maintenance","maintenance","6a0215cd4d4b65b2c8610cb7","2026-05-11T17:45:49.950000","2026-05-11T17:45:49.950000","6a00b766bc1d81e509c61685","thecommitteescp@gmail.com","false"
"contact","false","Site en maintenance","maintenance","6a0215cd6131a42b6589566b","2026-05-11T17:45:49.947000","2026-05-11T17:45:49.947000","6a00b766bc1d81e509c61685","thecommitteescp@gmail.com","false"
"messagerie","false","Site en maintenance","maintenance","6a0215cdc3df97fd0a4127a6","2026-05-11T17:45:49.943000","2026-05-11T17:45:49.943000","6a00b766bc1d81e509c61685","thecommitteescp@gmail.com","false"
"quote","false","Site en maintenance","maintenance","6a0215cd2993ba789ee1997d","2026-05-11T17:45:49.935000","2026-05-11T17:45:49.935000","6a00b766bc1d81e509c61685","thecommitteescp@gmail.com","false"
"partenaires","false","Site en maintenance","maintenance","69ff2b7947efa57f76f9f4e5","2026-05-09T12:41:29.250000","2026-05-09T12:41:29.250000","69f4571701f8855f7ea268fe","contact.brenneaerial@gmail.com","false"
"discover","false","Site en maintenance","maintenance","69ff2b7768cfe9ac7db33755","2026-05-09T12:41:27.865000","2026-05-09T12:41:27.865000","69f4571701f8855f7ea268fe","contact.brenneaerial@gmail.com","false"
"espace_client","false","Site en maintenance","maintenance","69ff2b7768cfe9ac7db33754","2026-05-09T12:41:27.856000","2026-05-09T12:41:27.856000","69f4571701f8855f7ea268fe","contact.brenneaerial@gmail.com","false"
"homepage","false","Site en maintenance","maintenance","69ff2b774cf9adc2d604ad82","2026-05-09T12:41:27.843000","2026-05-09T12:41:27.843000","69f4571701f8855f7ea268fe","contact.brenneaerial@gmail.com","false"
"avant_apres","false","Site en maintenance","maintenance","69ff2b7733e1af9ef0139026","2026-05-09T12:41:27.841000","2026-05-09T12:41:27.841000","69f4571701f8855f7ea268fe","contact.brenneaerial@gmail.com","false"
"parrainage","false","Site en maintenance","maintenance","69ff2b775d6e6c901c1c215e","2026-05-09T12:41:27.838000","2026-05-09T12:41:27.838000","69f4571701f8855f7ea268fe","contact.brenneaerial@gmail.com","false"
"portfolio","false","Site en maintenance","maintenance","69ff2b77dd72188de84eeeb6","2026-05-09T12:41:27.830000","2026-05-09T12:41:27.830000","69f4571701f8855f7ea268fe","contact.brenneaerial@gmail.com","false"
"quote","false","Site en maintenance","maintenance","69ff2b77d5409aa2e53a6c37","2026-05-09T12:41:27.827000","2026-05-09T12:41:27.827000","69f4571701f8855f7ea268fe","contact.brenneaerial@gmail.com","false"
"messagerie","false","Site en maintenance","maintenance","69ff2b77d97728e7d2e0bc01","2026-05-09T12:41:27.827000","2026-05-09T12:41:27.827000","69f4571701f8855f7ea268fe","contact.brenneaerial@gmail.com","false"
"contact","false","Site en maintenance","maintenance","69ff2b7791647b208b00de52","2026-05-09T12:41:27.825000","2026-05-09T12:41:27.825000","69f4571701f8855f7ea268fe","contact.brenneaerial@gmail.com","false"
"services","false","Site en maintenance","maintenance","69ff2b773df7a41757eb2a25","2026-05-09T12:41:27.825000","2026-05-09T12:41:27.825000","69f4571701f8855f7ea268fe","contact.brenneaerial@gmail.com","false"
"certification","false","Site en maintenance","maintenance","69ff2b7729f6b33dc14ca1ea","2026-05-09T12:41:27.821000","2026-05-09T12:41:27.821000","69f4571701f8855f7ea268fe","contact.brenneaerial@gmail.com","false"
"blog","false","Site en maintenance","maintenance","69ff2b77608d498d9d945561","2026-05-09T12:41:27.820000","2026-05-09T12:41:27.820000","69f4571701f8855f7ea268fe","contact.brenneaerial@gmail.com","false"
"planning","false","Site en maintenance","maintenance","69ff2b77b831d73c7ef664c7","2026-05-09T12:41:27.819000","2026-05-09T12:41:27.819000","69f4571701f8855f7ea268fe","contact.brenneaerial@gmail.com","false"
"donation","false","Site en maintenance","maintenance","69ff2b77a5c32ea4a5fa9d52","2026-05-09T12:41:27.813000","2026-05-09T12:41:27.813000","69f4571701f8855f7ea268fe","contact.brenneaerial@gmail.com","false"
"contact","false","Site en maintenance","maintenance","69ff2b764b637a1b9b444f86","2026-05-09T12:41:26.492000","2026-05-09T12:41:26.492000","69f4571701f8855f7ea268fe","contact.brenneaerial@gmail.com","false"
"portfolio","false","Site en maintenance","maintenance","69ff2b7645f5202a1d86398b","2026-05-09T12:41:26.484000","2026-05-09T12:41:26.484000","69f4571701f8855f7ea268fe","contact.brenneaerial@gmail.com","false"
"espace_client","false","Site en maintenance","maintenance","69ff2b76ae7fd9839d8ea5a1","2026-05-09T12:41:26.440000","2026-05-09T12:41:26.440000","69f4571701f8855f7ea268fe","contact.brenneaerial@gmail.com","false"
"parrainage","false","Site en maintenance","maintenance","69ff2b765c253d4ca5cb405c","2026-05-09T12:41:26.423000","2026-05-09T12:41:26.423000","69f4571701f8855f7ea268fe","contact.brenneaerial@gmail.com","false"
"messagerie","false","Site en maintenance","maintenance","69ff2b76c89fea598b141960","2026-05-09T12:41:26.168000","2026-05-09T12:41:26.168000","69f4571701f8855f7ea268fe","contact.brenneaerial@gmail.com","false"
"quote","false","Site en maintenance","maintenance","69ff2b76f8a40a2534a9bb22","2026-05-09T12:41:26.150000","2026-05-09T12:41:26.150000","69f4571701f8855f7ea268fe","contact.brenneaerial@gmail.com","false"
"blog","false","Site en maintenance","maintenance","69ff2b764987496d36efde84","2026-05-09T12:41:26.115000","2026-05-09T12:41:26.115000","69f4571701f8855f7ea268fe","contact.brenneaerial@gmail.com","false"
"planning","false","Site en maintenance","maintenance","69ff2b767edaf9586c0325e2","2026-05-09T12:41:26.113000","2026-05-09T12:41:26.113000","69f4571701f8855f7ea268fe","contact.brenneaerial@gmail.com","false"
"partenaires","false","Site en maintenance","maintenance","69ff2b76728b4fe4a804018b","2026-05-09T12:41:26.112000","2026-05-09T12:41:26.112000","69f4571701f8855f7ea268fe","contact.brenneaerial@gmail.com","false"
"certification","false","Site en maintenance","maintenance","69ff2b7647efa57f76f9f4e3","2026-05-09T12:41:26.107000","2026-05-09T12:41:26.107000","69f4571701f8855f7ea268fe","contact.brenneaerial@gmail.com","false"
"homepage","false","Site en maintenance","maintenance","69ff2b766f7874cb2ee1b5d2","2026-05-09T12:41:26.101000","2026-05-09T12:41:26.101000","69f4571701f8855f7ea268fe","contact.brenneaerial@gmail.com","false"
"services","false","Site en maintenance","maintenance","69ff2b767bc9d2ee2afc1f9f","2026-05-09T12:41:26.100000","2026-05-09T12:41:26.100000","69f4571701f8855f7ea268fe","contact.brenneaerial@gmail.com","false"
"avant_apres","false","Site en maintenance","maintenance","69ff2b76079b85dde2d83d69","2026-05-09T12:41:26.097000","2026-05-09T12:41:26.097000","69f4571701f8855f7ea268fe","contact.brenneaerial@gmail.com","false"
"discover","false","Site en maintenance","maintenance","69ff2b76da8c52bcc1747fbc","2026-05-09T12:41:26.095000","2026-05-09T12:41:26.095000","69f4571701f8855f7ea268fe","contact.brenneaerial@gmail.com","false"
"donation","false","Site en maintenance","maintenance","69ff2b7689759bdebb9323a2","2026-05-09T12:41:26.090000","2026-05-09T12:41:26.090000","69f4571701f8855f7ea268fe","contact.brenneaerial@gmail.com","false"
"donation","false","Site en maintenance","maintenance","69ff1cfdd5714946cab47c47","2026-05-09T11:39:41.441000","2026-05-09T11:39:41.441000","69c5c081406b9e20deaed583","contact.astuceson@gmail.com","false"
"parrainage","false","Site en maintenance","maintenance","69ff1cfd48edfc7b27fdfc58","2026-05-09T11:39:41.435000","2026-05-09T11:39:41.435000","69c5c081406b9e20deaed583","contact.astuceson@gmail.com","false"
"planning","false","Site en maintenance","maintenance","69ff1cfd374d44966d3ee265","2026-05-09T11:39:41.428000","2026-05-09T11:39:41.428000","69c5c081406b9e20deaed583","contact.astuceson@gmail.com","false"
"contact","false","Site en maintenance","maintenance","69ff1cfd876ed3373b71a0af","2026-05-09T11:39:41.399000","2026-05-09T11:39:41.399000","69c5c081406b9e20deaed583","contact.astuceson@gmail.com","false"
"certification","false","Site en maintenance","maintenance","69ff1cfddc9a9c0951ebd8c3","2026-05-09T11:39:41.397000","2026-05-09T11:39:41.397000","69c5c081406b9e20deaed583","contact.astuceson@gmail.com","false"
"quote","false","Site en maintenance","maintenance","69ff1cfd52fa33f2f7e73ba6","2026-05-09T11:39:41.397000","2026-05-09T11:39:41.397000","69c5c081406b9e20deaed583","contact.astuceson@gmail.com","false"
"avant_apres","false","Site en maintenance","maintenance","69ff1cfd15b25f5ea8bf6db0","2026-05-09T11:39:41.396000","2026-05-09T11:39:41.396000","69c5c081406b9e20deaed583","contact.astuceson@gmail.com","false"
"services","false","Site en maintenance","maintenance","69ff1cfd155b8f87e794cc75","2026-05-09T11:39:41.394000","2026-05-09T11:39:41.394000","69c5c081406b9e20deaed583","contact.astuceson@gmail.com","false"
"messagerie","false","Site en maintenance","maintenance","69ff1cfdb68b15e49a58a58f","2026-05-09T11:39:41.387000","2026-05-09T11:39:41.387000","69c5c081406b9e20deaed583","contact.astuceson@gmail.com","false"
"discover","false","Site en maintenance","maintenance","69ff1cfdb4ba1692db8a3308","2026-05-09T11:39:41.386000","2026-05-09T11:39:41.386000","69c5c081406b9e20deaed583","contact.astuceson@gmail.com","false"
"homepage","false","Site en maintenance","maintenance","69ff1cfd38d1f8b8d5e58bd1","2026-05-09T11:39:41.384000","2026-05-09T11:39:41.384000","69c5c081406b9e20deaed583","contact.astuceson@gmail.com","false"
"partenaires","false","Site en maintenance","maintenance","69ff1cfd65b28c0beb647cb9","2026-05-09T11:39:41.378000","2026-05-09T11:39:41.378000","69c5c081406b9e20deaed583","contact.astuceson@gmail.com","false"
"espace_client","false","Site en maintenance","maintenance","69ff1cfd56ceb954b1963687","2026-05-09T11:39:41.377000","2026-05-09T11:39:41.377000","69c5c081406b9e20deaed583","contact.astuceson@gmail.com","false"
"blog","false","Site en maintenance","maintenance","69ff1cfd5f06f99477a63d82","2026-05-09T11:39:41.375000","2026-05-09T11:39:41.375000","69c5c081406b9e20deaed583","contact.astuceson@gmail.com","false"
"portfolio","false","Site en maintenance","maintenance","69ff1cfdf8e324626aa1d2d7","2026-05-09T11:39:41.373000","2026-05-09T11:39:41.373000","69c5c081406b9e20deaed583","contact.astuceson@gmail.com","false"
"certification","false","Site en maintenance","maintenance","69ff1cfac4b01d98ae397a57","2026-05-09T11:39:38.452000","2026-05-09T11:39:38.452000","69c5c081406b9e20deaed583","contact.astuceson@gmail.com","false"
"partenaires","true","[URGENT] Maintenance de sécurité critique – Accès suspendus","operational","69ff1cfa1307e5078e6658e3","2026-05-09T11:39:38.433000","2026-06-05T17:48:02.540000","69c5c081406b9e20deaed583","contact.astuceson@gmail.com","false"
"planning","false","Site en maintenance","maintenance","69ff1cfa453cbc9d4d77e7f0","2026-05-09T11:39:38.428000","2026-05-09T11:39:38.428000","69c5c081406b9e20deaed583","contact.astuceson@gmail.com","false"
"contact","true","[URGENT] Maintenance de sécurité critique – Accès suspendus","offline","69ff1cfa258c5cb8af21ad62","2026-05-09T11:39:38.202000","2026-05-11T18:32:55.646000","69c5c081406b9e20deaed583","contact.astuceson@gmail.com","false"
"avant_apres","true","[URGENT] Maintenance de sécurité critique – Accès suspendus","offline","69ff1cfa5169130cdfd7dcbe","2026-05-09T11:39:38.118000","2026-05-11T18:32:43.897000","69c5c081406b9e20deaed583","contact.astuceson@gmail.com","false"
"parrainage","true","[URGENT] Maintenance de sécurité critique – Accès suspendus","offline","69ff1cfa1a8ffb176a0fba87","2026-05-09T11:39:38.088000","2026-05-11T18:32:39.906000","69c5c081406b9e20deaed583","contact.astuceson@gmail.com","false"
"espace_client","true","URGENT] Maintenance de sécurité critique – Accès suspendus","operational","69ff1cfaa777b6f0ea85d0c4","2026-05-09T11:39:38.082000","2026-06-05T17:48:01.420000","69c5c081406b9e20deaed583","contact.astuceson@gmail.com","false"
"services","true","[URGENT] Maintenance de sécurité critique – Accès suspendus","offline","69ff1cfa0d54a1a0052f155d","2026-05-09T11:39:38.079000","2026-05-11T18:32:49.458000","69c5c081406b9e20deaed583","contact.astuceson@gmail.com","false"
"quote","false","Site en maintenance","maintenance","69ff1cfa252e971ba829b681","2026-05-09T11:39:38.079000","2026-05-09T11:39:38.079000","69c5c081406b9e20deaed583","contact.astuceson@gmail.com","false"
"discover","false","Site en maintenance","maintenance","69ff1cfa8123cbc86ed7a87e","2026-05-09T11:39:38.063000","2026-05-09T11:39:38.063000","69c5c081406b9e20deaed583","contact.astuceson@gmail.com","false"
"homepage","true","[URGENT] Maintenance de sécurité critique – Accès suspendus","operational","69ff1cfa29d336565978c69a","2026-05-09T11:39:38.062000","2026-05-14T15:56:39.968000","69c5c081406b9e20deaed583","contact.astuceson@gmail.com","false"
"donation","false","Site en maintenance","maintenance","69ff1cfa32d8a0594d6439c5","2026-05-09T11:39:38.056000","2026-05-09T11:39:38.056000","69c5c081406b9e20deaed583","contact.astuceson@gmail.com","false"
"messagerie","false","Site en maintenance","maintenance","69ff1cfa1f0520b406d1ffc3","2026-05-09T11:39:38.044000","2026-05-09T11:39:38.044000","69c5c081406b9e20deaed583","contact.astuceson@gmail.com","false"
"portfolio","false","Site en maintenance","maintenance","69ff1cfa5169130cdfd7dcbd","2026-05-09T11:39:38.043000","2026-05-09T11:39:38.043000","69c5c081406b9e20deaed583","contact.astuceson@gmail.com","false"
"blog","false","Site en maintenance","maintenance","69ff1cfa3c4f937b1f1cf22f","2026-05-09T11:39:38.042000","2026-05-09T11:39:38.042000","69c5c081406b9e20deaed583","contact.astuceson@gmail.com","false"
"portfolio","false","Site en maintenance","maintenance","69dcad9bcbead0ef46850449","2026-04-13T08:47:23.518000","2026-04-13T08:47:23.518000","69c5c081406b9e20deaed583","contact.astuceson@gmail.com","false"
"donation","false","Site en maintenance","maintenance","69dcad9b24fa67e692ed13c5","2026-04-13T08:47:23.489000","2026-04-13T08:47:23.489000","69c5c081406b9e20deaed583","contact.astuceson@gmail.com","false"
"quote","false","Site en maintenance","maintenance","69dcad9bf6382e6e353e741d","2026-04-13T08:47:23.488000","2026-04-13T08:47:23.488000","69c5c081406b9e20deaed583","contact.astuceson@gmail.com","false"
"planning","false","Site en maintenance","maintenance","69dcad9bb98b421c73c3f7e4","2026-04-13T08:47:23.481000","2026-04-13T08:47:23.481000","69c5c081406b9e20deaed583","contact.astuceson@gmail.com","false"
"blog","false","Site en maintenance","maintenance","69dcad9b25a7d177415b26ba","2026-04-13T08:47:23.481000","2026-04-13T08:47:23.481000","69c5c081406b9e20deaed583","contact.astuceson@gmail.com","false"
"certification","false","Site en maintenance","maintenance","69dcad9b7957df8c30616493","2026-04-13T08:47:23.480000","2026-04-13T08:47:23.480000","69c5c081406b9e20deaed583","contact.astuceson@gmail.com","false"
"messagerie","false","Site en maintenance","maintenance","69dcad9b64801dcfd3eba710","2026-04-13T08:47:23.480000","2026-04-13T08:47:23.480000","69c5c081406b9e20deaed583","contact.astuceson@gmail.com","false"
"discover","false","Site en maintenance","maintenance","69dcad9b93dc8669f34013cc","2026-04-13T08:47:23.476000","2026-04-13T08:47:23.476000","69c5c081406b9e20deaed583","contact.astuceson@gmail.com","false"
"donation","false","Site en maintenance","maintenance","69dcad95cdc490456a4212bd","2026-04-13T08:47:17.007000","2026-04-13T08:47:17.007000","69c5c081406b9e20deaed583","contact.astuceson@gmail.com","false"
"blog","false","Site en maintenance","maintenance","69dcad94c5b21a8c73c51e14","2026-04-13T08:47:16.979000","2026-04-13T08:47:16.979000","69c5c081406b9e20deaed583","contact.astuceson@gmail.com","false"
"messagerie","false","Site en maintenance","maintenance","69dcad94d8234b61f7471a38","2026-04-13T08:47:16.940000","2026-04-13T08:47:16.940000","69c5c081406b9e20deaed583","contact.astuceson@gmail.com","false"
"quote","false","Site en maintenance","maintenance","69dcad944a6f124648619db8","2026-04-13T08:47:16.933000","2026-04-13T08:47:16.933000","69c5c081406b9e20deaed583","contact.astuceson@gmail.com","false"
"certification","false","Site en maintenance","maintenance","69dcad9492f56ee9c27904e2","2026-04-13T08:47:16.932000","2026-04-13T08:47:16.932000","69c5c081406b9e20deaed583","contact.astuceson@gmail.com","false"
"planning","false","Site en maintenance","maintenance","69dcad944484d8c5a00fe086","2026-04-13T08:47:16.930000","2026-04-13T08:47:16.930000","69c5c081406b9e20deaed583","contact.astuceson@gmail.com","false"
"discover","false","Site en maintenance","maintenance","69dcad94f9ad17c5633bd31b","2026-04-13T08:47:16.929000","2026-04-13T08:47:16.929000","69c5c081406b9e20deaed583","contact.astuceson@gmail.com","false"
"portfolio","false","Site en maintenance","maintenance","69dcad941111fecd6dc51552","2026-04-13T08:47:16.926000","2026-04-13T08:47:16.926000","69c5c081406b9e20deaed583","contact.astuceson@gmail.com","false"
"quote","true","[URGENT] Maintenance de sécurité critique – Accès suspendus","operational","69dcad9220ea8ef6b18a1904","2026-04-13T08:47:14.127000","2026-06-05T17:47:58.765000","69c5c081406b9e20deaed583","contact.astuceson@gmail.com","false"
"portfolio","true","[URGENT] Maintenance de sécurité critique – Accès suspendus","operational","69dcad92a86053a5d0782572","2026-04-13T08:47:14.124000","2026-06-05T17:47:52.693000","69c5c081406b9e20deaed583","contact.astuceson@gmail.com","false"
"donation","true","[URGENT] Maintenance de sécurité critique – Accès suspendus","operational","69dcad92d421b1d32f53e8f2","2026-04-13T08:47:14.113000","2026-06-05T17:47:56.247000","69c5c081406b9e20deaed583","contact.astuceson@gmail.com","false"
"planning","true","[URGENT] Maintenance de sécurité critique – Accès suspendus","operational","69dcad9293e72924461c14ca","2026-04-13T08:47:14.108000","2026-06-05T17:47:57.639000","69c5c081406b9e20deaed583","contact.astuceson@gmail.com","false"
"certification","true","[URGENT] Maintenance de sécurité critique – Accès suspendus","operational","69dcad92448b45f15c7756e0","2026-04-13T08:47:14.107000","2026-06-05T17:47:55.003000","69c5c081406b9e20deaed583","contact.astuceson@gmail.com","false"
"messagerie","false","Site en maintenance","maintenance","69dcad9239890e1c0228a7d8","2026-04-13T08:47:14.104000","2026-04-13T08:47:14.105000","69c5c081406b9e20deaed583","contact.astuceson@gmail.com","false"
"blog","true","[URGENT] Maintenance de sécurité critique – Accès suspendus","operational","69dcad921f281bde2f3da1df","2026-04-13T08:47:14.104000","2026-06-05T17:47:53.844000","69c5c081406b9e20deaed583","contact.astuceson@gmail.com","false"
"discover","true","[URGENT] Maintenance de sécurité critique – Accès suspendus","operational","69dcad92df956971b1849672","2026-04-13T08:47:14.096000","2026-06-05T17:48:00.181000","69c5c081406b9e20deaed583","contact.astuceson@gmail.com","false"
"messagerie","true","","degraded","69dcad8db014fa9a7af4dc7d","2026-04-13T08:47:09.596000","2026-04-13T08:47:09.596000","69c5c081406b9e20deaed583","contact.astuceson@gmail.com","false"
"messagerie","true","","maintenance","69dcad8d83feb3f4ccd5e096","2026-04-13T08:47:09.535000","2026-04-13T08:47:09.535000","69c5c081406b9e20deaed583","contact.astuceson@gmail.com","false"
"messagerie","true","[URGENT] Maintenance de sécurité critique – Accès suspendus","operational","69dcad8dceb3295f24847043","2026-04-13T08:47:09.407000","2026-06-05T17:47:51.353000","69c5c081406b9e20deaed583","contact.astuceson@gmail.com","false"