"author_name","author_verifications","author_certification_badge","is_locked","replies_count","author_badges","is_announcement","title","author_avatar","announcement_text","content","author_is_supreme","tags","is_pinned","last_reply_at","is_official","views_count","category","author_id","author_display_name","author_username","id","created_date","updated_date","created_by_id","created_by","is_sample"
"hello","[""official""]","","false","0","[]","false","Bigsecurecloud.fr","https://base44.app/api/apps/69c5c081406b9e20deaed582/files/mp/public/69c5c081406b9e20deaed582/bf09ea7ad_1694.png","","Venez sur bigsecurecloud.fr ","false","[]","false","","false","0","general","6a404ceaf1b5f50f899acfce","big secure cloud","bigsecurecloud","6a40ee963d34298baa38cc5e","2026-06-28T09:51:18.244000","2026-06-28T09:51:18.244000","6a404ceaf1b5f50f899acfce","hello@bigsecurecloud.com","false"
"Enor Lefoulon","[]","","false","2","[]","false","Eza group ouvre","https://base44.app/api/apps/69c5c081406b9e20deaed582/files/mp/public/69c5c081406b9e20deaed582/d6e8744f3_1742.png","","Nous avons décidé de ouvrir Eza Group la maison mere de Brenne Aerial France.
+info sur https://info.ezagroup.org","true","[]","false","2026-06-28T20:46:23.806Z","false","0","general","6a21a379f2b15109d5e40a3f","EZA group","eza.group","6a406c31326e7258a115da24","2026-06-28T00:34:57.077000","2026-06-28T20:46:24.315000","6a21a379f2b15109d5e40a3f","lefoulonmeyer0@gmail.com","false"
"Contact Brenneaerial","[]","","false","0","[]","false","Au revoir Borys","https://base44.app/api/apps/69c5c081406b9e20deaed582/files/mp/public/69c5c081406b9e20deaed582/df978da96_1775602844308.png","","# Communiqué Officiel de la Direction : Clarification, Réorganisation et Gouvernance de Brenne Aerial

Dans le cadre de notre démarche de transparence envers nos clients, partenaires institutionnels, prestataires techniques et collaborateurs, la direction de **Brenne Aerial** publie ce jour un communiqué officiel visant à clarifier la situation de ses effectifs et à indiquer d'importants changements dans sa structure opérationnelle et sa gouvernance.

En tant qu'acteur engagé dans les services professionnels par drone, la photogrammétrie, la topographie et l'inspection technique, **Brenne Aerial** se doit de maintenir un niveau d'exigence, d'éthique et de sécurité absolu. C'est dans le respect de ces valeurs fondamentales que des décisions stratégiques et managériales ont été prises.

---

## 1. Notification de fin de collaboration concernant Borys Sentenac

Il est porté à la connaissance de tous que **Borys Sentenac** ne fait plus partie de l'équipe, de l'organigramme, ni des effectifs de l'entreprise **Brenne Aerial**. 

À la suite d'une décision unanime de la direction, il a été mis fin de manière immédiate et irrévocable à l'ensemble des fonctions, mandats et missions qui pouvaient être confiés à **Borys Sentenac** au sein de notre structure. 

Par conséquent, à compter de la date de publication de ce document :
*   **Borys Sentenac** n'est plus habilité à se revendiquer de **Brenne Aerial**.
*   **Borys Sentenac** ne possède plus aucune légitimité pour démarcher, négocier ou contracter au nom de l'entreprise.
*   Aucune déclaration, action, ou engagement pris par **Borys Sentenac** ne saurait engager la responsabilité juridique, financière ou morale de **Brenne Aerial**.

Nous invitons nos clients et partenaires à couper tout contact professionnel avec cet individue concernant les projets gérés par notre entreprise.

---

## 2. Mesures conservatoires et audit de sécurité informatique

La sécurité des données de nos clients et la résilience de notre infrastructure technique étant nos priorités absolues, notre pôle informatique a immédiatement déclenché une procédure d'urgence suite au départ de **Borys Sentenac**.

Les actions suivantes ont été exécutées et finalisées avec succès :
*   **Révocation globale des accès :** Tous les identifiants, clés d'API, accès serveurs (notamment sur nos environnements de déploiement et bases de données), ainsi que les droits d'administration de **Borys Sentenac** ont été définitivement supprimés et réinitialisés.
*   **Audit de code et de configuration :** Les dépôts de code source et les configurations de nos applications ont été audités pour garantir qu'aucune faille ou accès résiduel n'ait été conservé.
*   **Protection du patrimoine informationnel :** Les données relatives à nos clients, à nos relevés de drones et à nos secrets industriels restent strictement confidentielles, hautement sécurisées et totalement hors de portée de **Borys Sentenac**.

---

## 3. Continuité de service et perspectives de développement

**Brenne Aerial** rassure l'ensemble de ses partenaires sur la parfaite continuité de ses opérations. Ce changement de structure n'affecte en rien la qualité de nos livrables, la gestion de nos plateformes web, ni le suivi de nos chantiers en cours.

Notre entreprise aborde cette nouvelle étape avec sérénité, rigueur et un dévouement total envers l'excellence technique qui fait notre réputation dans le domaine de l'imagerie et de la donnée aérienne.

Pour toute question relative à ce communiqué ou pour vérifier l'authenticité d'une démarche commerciale, veuillez contacter directement la direction via nos canaux de communication officiels.

*Fait pour valoir ce que de droit,*
**La Direction de Brenne Aerial**","true","[]","false","","true","0","autres","69f4571701f8855f7ea268fe","Brenne Aerial France","brenneaerial.fr","6a3bddcc77870ae1f44764d2","2026-06-24T13:38:20.700000","2026-06-24T21:27:40.641000","69f4571701f8855f7ea268fe","contact.brenneaerial@gmail.com","false"
"Contact Astuceson","[""certified""]","","false","2","[]","false","J'aime les dji mini 3 ","https://base44.app/api/apps/69c5c081406b9e20deaed582/files/mp/public/69c5c081406b9e20deaed582/452746944_IMG_20260108_192238_6241-converti-depuis-webp.png","","Vous avez quoi comme drones vous ?","false","[]","false","2026-06-24T21:28:32.110Z","false","2","general","69c5c081406b9e20deaed583","Astuceson Officiel","astuceson","6a3bc84db09e907c68e9af94","2026-06-24T12:06:37.041000","2026-06-26T14:53:46.617000","69c5c081406b9e20deaed583","contact.astuceson@gmail.com","false"
"Contact Brenneaerial","[]","","false","2","[]","false","👋┃Bienvenue sur le forum officiel de Brenne Aerial","https://base44.app/api/apps/69c5c081406b9e20deaed582/files/mp/public/69c5c081406b9e20deaed582/df978da96_1775602844308.png","","Bonjour et bienvenue sur le forum officiel de **Brenne Aerial** 🚁

Nous sommes ravis de vous accueillir au sein de notre communauté. Ce forum a été créé pour permettre aux membres, clients, partenaires et visiteurs d'échanger dans un environnement convivial, professionnel et respectueux. Que vous soyez ici pour obtenir de l'aide, découvrir nos services, suivre l'actualité de Brenne Aerial ou simplement discuter avec d'autres membres, vous êtes au bon endroit.

## 🌐┃Nos plateformes

• 🌍 Site officiel : https://brenneaerial.fr  
• 🎫 Support : https://support.brenneaerial.org  
• ☁️ Plateforme de transferts : https://brenneaerial.cloud  
• 📊 État des services : https://status.brenneaerial.fr  

## 📜┃Règlement du forum

Afin de garantir une expérience agréable pour tous les utilisateurs, quelques règles simples doivent être respectées.

### 1️⃣ Respect et courtoisie

Chaque membre doit être traité avec respect. Les insultes, provocations, menaces, discriminations, comportements toxiques ou harcèlement ne sont pas tolérés. Un désaccord est possible, mais il doit toujours rester courtois et constructif.

### 2️⃣ Respect de l'équipe Brenne Aerial

Les administrateurs, modérateurs, techniciens et membres du support travaillent pour maintenir la qualité de nos services. Merci de respecter leurs décisions ainsi que leurs consignes.

### 3️⃣ Aucun contenu illégal

Il est strictement interdit de publier ou partager du contenu illégal, frauduleux, malveillant ou portant atteinte à autrui. Cela inclut notamment le piratage, les logiciels malveillants, l'usurpation d'identité, les tentatives d'arnaque ou la diffusion d'informations confidentielles.

### 4️⃣ Pas de spam

Évitez les messages répétitifs, les publicités non autorisées, le flood, les mentions abusives ou la création excessive de sujets similaires. Un forum organisé est plus agréable pour tout le monde.

### 5️⃣ Utilisez les bonnes catégories

Avant de créer un sujet, vérifiez qu'il n'existe pas déjà une discussion similaire. Choisissez ensuite la catégorie la plus adaptée et utilisez un titre clair afin de faciliter les recherches des autres membres.

### 6️⃣ Protection des données

Ne partagez jamais vos mots de passe, codes de sécurité, coordonnées bancaires ou toute autre information sensible. Pour votre sécurité, ces informations ne seront jamais demandées publiquement par l'équipe Brenne Aerial.

### 7️⃣ Signalement des problèmes

Si vous constatez un bug, une faille de sécurité, un comportement suspect ou un problème technique, merci de le signaler via notre plateforme de support afin que nous puissions intervenir rapidement.

## 💬┃Bien utiliser le forum

Le forum est un espace d'échange et d'entraide. Lorsque vous demandez de l'aide, essayez de fournir un maximum d'informations : description du problème, captures d'écran, messages d'erreur et étapes déjà réalisées. Plus votre demande est précise, plus il sera facile pour la communauté ou l'équipe de vous aider.

Vous pouvez également utiliser le forum pour proposer des idées d'amélioration, partager vos retours d'expérience, discuter des nouveautés de Brenne Aerial ou simplement échanger avec les autres membres.

## 📢┃Actualités et annonces

Les annonces officielles publiées sur le forum peuvent concerner les mises à jour de nos plateformes, les maintenances programmées, les évolutions réglementaires, les nouveautés de Brenne Aerial ou encore les informations importantes concernant nos services. Nous vous recommandons de consulter régulièrement cette section.

## 🏆┃Notre objectif

Nous souhaitons construire une communauté sérieuse, respectueuse et dynamique où chacun peut trouver de l'aide, partager ses connaissances et participer au développement de l'écosystème Brenne Aerial. Chaque membre contribue à faire vivre cette communauté et nous vous remercions pour votre participation.

## 🚀┃Bienvenue à bord

Toute l'équipe de **Brenne Aerial** vous remercie pour votre confiance et vous souhaite une excellente expérience sur notre forum.

💙 Merci de faire partie de l'aventure Brenne Aerial.

**L'équipe Brenne Aerial**
🚁 Innovation • Technologie • Communauté","true","[]","true","2026-06-02T11:25:14.063Z","true","6","general","69f4571701f8855f7ea268fe","Brenne Aerial France","brenneaerial.fr","6a1e90a02e0c10affe8626b6","2026-06-02T08:13:20.136000","2026-06-12T16:22:27.160000","69f4571701f8855f7ea268fe","contact.brenneaerial@gmail.com","false"